authors,title,source,year,doi,abstract
"Elliot, T; Almenar, JB; Rugani, B",Impacts of policy on urban energy metabolism at tackling climate change: The case of Lisbon,JOURNAL OF CLEANER PRODUCTION,2020,10.1016/j.jclepro.2020.123510,
"Joensuu, T; Edelman, H; Saari, A",Circular economy practices in the built environment,JOURNAL OF CLEANER PRODUCTION,2020,10.1016/j.jclepro.2020.124215,
"Savini, F","The circular economy of waste: recovery, incineration and urban reuse",JOURNAL OF ENVIRONMENTAL PLANNING AND MANAGEMENT,,10.1080/09640568.2020.1857226,
"Varju, V",GOVERNING CIRCULAR ECONOMY: PLACE-SPECIFIC BARRIERS THAT HAMPER THE CLOSE OF THE LOOP FOREWORD,EUROPEAN SPATIAL RESEARCH AND POLICY,2020,10.18778/1231-1952.27.2.01,
"Heurkens, E; Dabrowski, M",CIRCLING THE SQUARE: GOVERNANCE OF THE CIRCULAR ECONOMY TRANSITION IN THE AMSTERDAM METROPOLITAN AREA,EUROPEAN SPATIAL RESEARCH AND POLICY,2020,10.18778/1231-1952.27.2.02,
"Berruti, G; Palestino, MF",WASTELANDS AS AN OPPORTUNITY FOR MANAGING NAPLES' SUSTAINABLE TRANSITION,EUROPEAN SPATIAL RESEARCH AND POLICY,2020,10.18778/1231-1952.27.2.03,
"Obersteg, A; Arlati, A; Knieling, J",MAKING CITIES CIRCULAR: EXPERIENCES FROM THE LIVING LAB HAMBURG-ALTONA,EUROPEAN SPATIAL RESEARCH AND POLICY,2020,10.18778/1231-1952.27.2.05,
"Varju, V; Mezei, C; Ver, C",LOCAL RESOURCE-BASED DEVELOPMENT POTENTIAL AS REFLECTED IN WASTE MANAGEMENT/CIRCULARITY TRANSITION: GOVERNANCE BARRIERS IN HUNGARY,EUROPEAN SPATIAL RESEARCH AND POLICY,2020,10.18778/1231-1952.27.2.06,
"Czapiewski, K; Mazurek, D; Traczyk, A; Wojcik, M",WASTE MATERIAL FLOW ANALYSIS IN THE LODZ METROPOLITAN AREA,EUROPEAN SPATIAL RESEARCH AND POLICY,2020,10.18778/1231-1952.27.2.07,
"Izdebska, O; Knieling, J",CITIZEN INVOLVEMENT IN WASTE MANAGEMENT AND CIRCULAR ECONOMY IN CITIES: KEY ELEMENTS FOR PLANNING AND IMPLEMENTATION,EUROPEAN SPATIAL RESEARCH AND POLICY,2020,10.18778/1231-1952.27.2.08,
"Khudyakova, T; Shmidt, A; Shmidt, S",SUSTAINABLE DEVELOPMENT OF SMART CITIES IN THE CONTEXT OF THE IMPLEMENTATION OF THE TIRE RECYCLING PROGRAM,ENTREPRENEURSHIP AND SUSTAINABILITY ISSUES,2020,10.9770/jesi.2020.8.2(42),
"Marin, J; Alaerts, L; Van Acker, K",A Materials Bank for Circular Leuven: How to Monitor 'Messy' Circular City Transition Projects,SUSTAINABILITY,2020,10.3390/su122410351,
"Miranda, ITP; Fidelis, R; Fidelis, DAD; Pilatti, LA; Picinin, CT","The Integration of Recycling Cooperatives in the Formal Management of Municipal Solid Waste as a Strategy for the Circular Economy-The Case of Londrina, Brazil",SUSTAINABILITY,2020,10.3390/su122410513,
"Hrabec, D; Kudela, J; Somplak, R; Nevrly, V; Popela, P",Circular economy implementation in waste management network design problem: a case study,CENTRAL EUROPEAN JOURNAL OF OPERATIONS RESEARCH,2020,10.1007/s10100-019-00626-z,
"Schoggl, JP; Stumpf, L; Baumgartner, RJ",The narrative of sustainability and circular economy - A longitudinal review of two decades of research,RESOURCES CONSERVATION AND RECYCLING,2020,10.1016/j.resconrec.2020.105073,
"Sugiyono; Dewancker, BJ","Study on the Domestic Water Utilization in Kota Metro, Lampung Province, Indonesia: Exploring Opportunities to Apply the Circular Economic Concepts in the Domestic Water Sector",SUSTAINABILITY,2020,10.3390/su12218956,
"Compagnoni, M",REGIONAL POLICIES FOR CIRCULAR ECONOMY IN ITALY AND AN EMPIRICAL ANALYSIS OF PAY-AS-YOU-THROW TAX EFFECTS IN EMILIA ROMAGNA,ENVIRONMENTAL ENGINEERING AND MANAGEMENT JOURNAL,2020,,
"Moscato, I; Munoz, DC; Gonzalez, SD",HOW TO DEAL WITH ORGANIC MUNICIPAL SOLID WASTE OVER-SIEVE FRACTION,ENVIRONMENTAL ENGINEERING AND MANAGEMENT JOURNAL,2020,,
"Pani, L; Rombi, J; Francesconi, L; Mereu, A",CIRCULAR ECONOMY MODEL OF RECYCLED AGGREGATES FOR THE CONSTRUCTION SECTOR OF SARDINIA ISLAND,ENVIRONMENTAL ENGINEERING AND MANAGEMENT JOURNAL,2020,,
"Mercader-Moyano, P; Esquivias, PM",Decarbonization and Circular Economy in the Sustainable Development and Renovation of Buildings and Neighbourhoods,SUSTAINABILITY,2020,10.3390/su12197914,
"Zaleski, P; Chawla, Y",Circular Economy in Poland: Profitability Analysis for Two Methods of Waste Processing in Small Municipalities,ENERGIES,2020,10.3390/en13195166,
"Thapa, K; Sukhwani, V; Deshkar, S; Shaw, R; Mitra, BK","Strengthening Urban-Rural Resource Flow through Regional Circular and Ecological Sphere (R-CES) Approach in Nagpur, India",SUSTAINABILITY,2020,10.3390/su12208663,
"Kakwani, NS; Kalbar, PP",Review of Circular Economy in urban water sector: Challenges and opportunities in India,JOURNAL OF ENVIRONMENTAL MANAGEMENT,2020,10.1016/j.jenvman.2020.111010,
"Rufi-Salis, M; Brunnhofer, N; Petit-Boix, A; Gabarrell, X; Guisasola, A; Villalba, G",Can wastewater feed cities? Determining the feasibility and environmental burdens of struvite recovery and reuse for urban regions,SCIENCE OF THE TOTAL ENVIRONMENT,2020,10.1016/j.scitotenv.2020.139783,
"Nika, CE; Gusmaroli, L; Ghafourian, M; Atanasova, N; Buttiglieri, G; Katsou, E","Nature-based solutions as enablers of circularity in water systems: A review on assessment methodologies, tools and indicators",WATER RESEARCH,2020,10.1016/j.watres.2020.115988,
"Santagata, R; Zucaro, A; Viglia, S; Ripa, M; Tian, X; Ulgiati, S",Assessing the sustainability of urban eco-systems through Emergy-based circular economy indicators,ECOLOGICAL INDICATORS,2020,10.1016/j.ecolind.2019.105859,"Circular Economy (CE) concepts and tools are getting increasing attention with regard to their implementation in agricultural, urban and industrial sectors towards innovative business models to optimize resource use, process performances and development É"
"Mohan, SV; Amulya, K; Modestra, JA",Urban biocycles - Closing metabolic loops for resilient and regenerative ecosystem: A perspective,BIORESOURCE TECHNOLOGY,2020,10.1016/j.biortech.2020.123098,
"Pitti, AR; Espinoza, O; Smith, R",The Case for Urban and Reclaimed Wood in the Circular Economy,BIORESOURCES,2020,10.15376/biores.15.3.5226-5245,
"Carriere, S; Rodriguez, RW; Pey, P; Pomponi, F; Ramakrishna, S",Circular cities: the case of Singapore,BUILT ENVIRONMENT PROJECT AND ASSET MANAGEMENT,2020,10.1108/BEPAM-12-2019-0137,
"Norris, L",Urban prototypes: Growing local circular cloth economies,BUSINESS HISTORY,2019,10.1080/00076791.2017.1389902,
"Mason-Renton, SA; Luginaah, I",Conceptualizing waste as a resource: Urban biosolids processing in the rural landscape,CANADIAN GEOGRAPHER-GEOGRAPHE CANADIEN,2018,10.1111/cag.12454,
"Silva, A; Augusto, B; Rafael, S; Reis, J; Lopes, M; Costa, S; Borrego, C",Modelling of Regional Economic Metabolism,CLIMATE,2020,10.3390/cli8040052,
"Daskal, S; Ayalon, O; Shechter, M",CLOSING THE LOOP: THE CHALLENGES OF REGULATION IN MUNICIPAL SOLID WASTE MANAGEMENT,DETRITUS,2019,10.31025/2611-4135/2019.13775,
"Liang, S; Wang, C; Zhang, TZ",An improved input-output model for energy analysis: A case study of Suzhou,ECOLOGICAL ECONOMICS,2010,10.1016/j.ecolecon.2010.04.019,
"Masullo, A",Organic wastes management in a circular economy approach: Rebuilding the link between urban and rural areas,ECOLOGICAL ENGINEERING,2017,10.1016/j.ecoleng.2017.01.005,
"Santagata, R; Zucaro, A; Viglia, S; Ripa, M; Tian, X; Ulgiati, S","Assessing the sustainability of urban eco-systems through Emergy-based circular economy indicators (vol 110, 105859, 2020)",ECOLOGICAL INDICATORS,2020,10.1016/j.ecolind.2019.105918,
"Arora, M; Raspall, F; Cheah, L; Silva, A","Buildings and the circular economy: Estimating urban mining, recovery and reuse potential of building components",RESOURCES CONSERVATION AND RECYCLING,2020,10.1016/j.resconrec.2019.104581,"Continuous accumulation of materials in cities have led to the prospects of urban mining for secondary resources. Several commodities and/or products have been assessed in recent years for urban mining and reuse potential viz. automobiles, electronic waste etc. Urban É"
"Dong, L; Liang, HW; Zhang, LG; Liu, ZW; Gao, ZQ; Hu, MM",Highlighting regional eco-industrial development: Life cycle benefits of an urban industrial symbiosis and implications in China,ECOLOGICAL MODELLING,2017,10.1016/j.ecolmodel.2017.07.032,
"Nogueira, A; Ashton, W; Teixeira, C; Lyon, E; Pereira, J",Infrastructuring the Circular Economy,ENERGIES,2020,10.3390/en13071805,
"Palafox-Alcantar, PG; Hunt, DVL; Rogers, CDF",A Hybrid Methodology to Study Stakeholder Cooperation in Circular Economy Waste Management of Cities,ENERGIES,2020,10.3390/en13071845,
"Zhang, LQ; Chen, AK; Gu, H; Wang, XT; Xie, D; Gu, CH",Planning of the Multi-Energy Circular System Coupled with Waste Processing Base: A Case from China,ENERGIES,2019,10.3390/en12203910,
"Fang, K; Dong, L; Ren, JZ; Zhang, QF; Han, L; Fu, HZ","Carbon footprints of urban transition: Tracking circular economy promotions in Guiyang, China",ECOLOGICAL MODELLING,2017,10.1016/j.ecolmodel.2017.09.024,"Promoting urban transition is critical, particularly for China's rapid urbanization. Circular economy strategy is widely recognized as an effective way to achieve a low-carbon transition of cities through improved waste recycling and industrial symbiosis. However, the É"
"Han, WY; Geng, Y; Lu, YSY; Wilson, J; Sun, L; Satoshi, O; Geldron, A; Qian, YY","Urban metabolism of megacities: A comparative analysis of Shanghai, Tokyo, London and Paris to inform low carbon and sustainable development pathways",ENERGY,2018,10.1016/j.energy.2018.05.073,
"Savini, F; Giezen, M","Responsibility as a field: The circular economy of water, waste, and energy",ENVIRONMENT AND PLANNING C-POLITICS AND SPACE,2020,10.1177/2399654420907622,
"Cappellaro, F; Cutaia, L; Innella, C; Meloni, C; Pentassuglia, R; Porretto, V","INVESTIGATING CIRCULAR ECONOMY URBAN PRACTICES IN CENTOCELLE, ROME DISTRICT",ENVIRONMENTAL ENGINEERING AND MANAGEMENT JOURNAL,2019,,
"Novelli, V; Geatti, P; Ceccon, L; Gratton, S",BIOMASS EXPLOITATION FOR ENERGY SUPPLY AND QUALITY COMPOST PRODUCTION. AN EXEMPLARY CASE OF CIRCULAR ECONOMY IN THE NORTH EAST OF ITALY,ENVIRONMENTAL ENGINEERING AND MANAGEMENT JOURNAL,2019,,
"Savastano, M; Belcastro, M; Dentale, F",THE ROLE OF WASTE COLLECTION CENTERS IN A CIRCULAR ECONOMY SCENARIO: AN EMPIRICAL STUDY ON THE CITIZENS' PERCEPTION,ENVIRONMENTAL ENGINEERING AND MANAGEMENT JOURNAL,2019,,
"Berechet, M; Mirel, I; Staniloiu, C; Fischer, K",CARBON FOOTPRINT OF WASTE MANAGEMENT IN ROMANIA IN THE CONTEXT OF CIRCULAR ECONOMY,ENVIRONMENTAL ENGINEERING AND MANAGEMENT JOURNAL,2019,,
"Lanau, M; Liu, G","Developing an Urban Resource Cadaster for Circular Economy: A Case of Odense, Denmark",ENVIRONMENTAL SCIENCE & TECHNOLOGY,2020,10.1021/acs.est.9b07749,
"Majcen, NH",Circular citizens research,ENVIRONMENTAL SCIENCE AND POLLUTION RESEARCH,2017,10.1007/s11356-016-7926-0,
"Repo, P; Anttonen, M; Mykkanen, J; Lammi, M",Lack of Congruence between European Citizen Perspectives and Policies on Circular Economy,EUROPEAN JOURNAL OF SUSTAINABLE DEVELOPMENT,2018,10.14207/ejsd.2018.v7n1p249,
"Bringsken, BM; Loureiro, I; Ribeiro, C; Vilarinho, C; Carvalho, J",Community Involvement Towards a Circular Economy: a Sociocultural Assessment of Projects and Interventions to Reduce Undifferentiated Waste,EUROPEAN JOURNAL OF SUSTAINABLE DEVELOPMENT,2018,10.14207/ejsd.2018.v7n4p496,
"Ribeiro, C; Sepulveda, D; Carvalho, J; Vilarinho, C; Cristino, J; Loureiro, I",Guimaraes: Circular Economy Towards a Sustainable City,EUROPEAN JOURNAL OF SUSTAINABLE DEVELOPMENT,2017,10.14207/ejsd.2017.v6n3p69,
"Ezzat, AM",Sustainable Development of Seaport Cities through Circular Economy: A Comparative Study with Implications to Suez Canal Corridor Project,EUROPEAN JOURNAL OF SUSTAINABLE DEVELOPMENT,2016,10.14207/ejsd.2016.v5n4p509,
"Pavolova, H; Lacko, R; Hajduova, Z; Simkova, Z; Rovnak, M",The Circular Model in Disposal with Municipal Waste. A Case Study of Slovakia,INTERNATIONAL JOURNAL OF ENVIRONMENTAL RESEARCH AND PUBLIC HEALTH,2020,10.3390/ijerph17061839,
"Jain, S; Singhal, S; Jain, NK",Construction and demolition waste generation in cities in India: an integrated approach,INTERNATIONAL JOURNAL OF SUSTAINABLE ENGINEERING,2019,10.1080/19397038.2019.1612967,
"Goes, G; Bandeira, R; Goncalves, D; D'Agosto, MD; Oliveira, C",The effect of eco-driving initiatives toward sustainable urban waste collection,INTERNATIONAL JOURNAL OF SUSTAINABLE TRANSPORTATION,2020,10.1080/15568318.2019.1584933,
"Zhang, CB; Hu, MM; Yang, XN; Miranda-Xicotencatl, B; Sprecher, B; Di Maio, F; Zhong, XY; Tukker, A",Upgrading construction and demolition waste management from downcycling to recycling in the Netherlands,JOURNAL OF CLEANER PRODUCTION,2020,10.1016/j.jclepro.2020.121718,
"Fernandez-Delgado, M; del Amo-Mateos, E; Lucas, S; Garcia-Cubero, MT; Coca, M",Recovery of organic carbon from municipal mixed waste compost for the production of fertilizers,JOURNAL OF CLEANER PRODUCTION,2020,10.1016/j.jclepro.2020.121805,
"Paul, M; Bussemaker, MJ",A web-based geographic interface system to support decision making for municipal solid waste management in England,JOURNAL OF CLEANER PRODUCTION,2020,10.1016/j.jclepro.2020.121461,
"Ottoni, M; Dias, P; Xavier, LH","A circular approach to the e-waste valorization through urban mining in Rio de Janeiro, Brazil",JOURNAL OF CLEANER PRODUCTION,2020,10.1016/j.jclepro.2020.120990,
"Bui, TD; Tsai, FM; Tseng, ML; Wu, KJ; Chiu, ASF",Effective municipal solid waste management capability under uncertainty in Vietnam: Utilizing economic efficiency and technology to foster social mobilization and environmental integrity,JOURNAL OF CLEANER PRODUCTION,2020,10.1016/j.jclepro.2020.120981,
"Mueller, SR; Kral, U; Wager, PA",Developing material recovery projects: Lessons learned from processing municipal solid waste incineration residues,JOURNAL OF CLEANER PRODUCTION,2020,10.1016/j.jclepro.2020.120490,
"Peiro, LT; Giron, AC; Durany, XGI",Examining the feasibility of the urban mining of hard disk drives,JOURNAL OF CLEANER PRODUCTION,2020,10.1016/j.jclepro.2019.119216,
"Knickmeyer, D",Social factors influencing household waste separation: A literature review on good practices to improve the recycling performance of urban areas,JOURNAL OF CLEANER PRODUCTION,2020,10.1016/j.jclepro.2019.118605,
"Weidner, T; Yang, AD",The potential of urban agriculture in combination with organic waste valorization: Assessment of resource flows and emissions for two european cities,JOURNAL OF CLEANER PRODUCTION,2020,10.1016/j.jclepro.2019.118490,
"Campbell-Johnston, K; ten Cate, J; Elfering-Petrovic, M; Gupta, J","City level circular transitions: Barriers and limits in Amsterdam, Utrecht and The Hague",JOURNAL OF CLEANER PRODUCTION,2019,10.1016/j.jclepro.2019.06.106,
"Van Fan, Y; Lee, CT; Lim, JS; Klernes, JJ; Le, PTK","Cross-disciplinary approaches towards smart, resilient and sustainable circular economy",JOURNAL OF CLEANER PRODUCTION,2019,10.1016/j.jclepro.2019.05.266,
"Fabbricatti, K; Biancamano, PF","Circular Economy and Resilience Thinking for Historic Urban Landscape Regeneration: The Case of Torre Annunziata, Naples",SUSTAINABILITY,2019,10.3390/su11123391,"The landscape, as an archive of the traces of the history of man and nature, can be considered a holistic indicator of sustainable, inclusive, safe, resilient cities as set out in Agenda 2030 for Sustainable Development. The UNESCO Recommendations on Historic É"
"Christis, M; Athanassiadis, A; Vercalsteren, A",Implementation at a city level of circular economy strategies and climate change mitigation - the case of Brussels,JOURNAL OF CLEANER PRODUCTION,2019,10.1016/j.jclepro.2019.01.180,
"Shi, J; Zhou, JJ; Zhu, QH",Barriers of a closed-loop cartridge remanufacturing supply chain for urban waste recovery governance in China,JOURNAL OF CLEANER PRODUCTION,2019,10.1016/j.jclepro.2018.12.114,
"Hu, GW; Mu, XZ",Analysis of urban energy metabolic system: An ecological network framework and a case study for Beijing,JOURNAL OF CLEANER PRODUCTION,2019,10.1016/j.jclepro.2018.11.088,
"Santos, AC; Mendes, P; Teixeira, MR",Social life cycle analysis as a tool for sustainable management of illegal waste dumping in municipal services,JOURNAL OF CLEANER PRODUCTION,2019,10.1016/j.jclepro.2018.11.042,
"Petit-Boix, A; Leipold, S",Circular economy in cities: Reviewing how environmental research aligns with local practices,JOURNAL OF CLEANER PRODUCTION,2018,10.1016/j.jclepro.2018.05.281,
"Guo, B; Geng, Y; Ren, JZ; Zhu, L; Liu, YX; Sterr, T","Comparative assessment of circular economy development in China's four megacities: The case of Beijing, Chongqing, Shanghai and Urumqi",JOURNAL OF CLEANER PRODUCTION,2017,10.1016/j.jclepro.2017.06.061,
"Yu, C; de Jong, M; Cheng, BD",Getting depleted resource-based cities back on their feet again the example of Yichun in China,JOURNAL OF CLEANER PRODUCTION,2016,10.1016/j.jclepro.2015.09.101,
"Lu, YSY; Geng, Y; Qian, YY; Han, WY; McDowall, W; Bleischwitz, R",Changes of human time and land use pattern in one mega city's urban metabolism: a multi-scale integrated analysis of Shanghai,JOURNAL OF CLEANER PRODUCTION,2016,10.1016/j.jclepro.2016.05.174,
"Kalmykova, Y; Rosado, L; Patricio, J","Resource consumption drivers and pathways to reduction: economy, policy and lifestyle impact on material flows at the national and urban scale",JOURNAL OF CLEANER PRODUCTION,2016,10.1016/j.jclepro.2015.02.027,
"Ghisellini, P; Cialani, C; Ulgiati, S",A review on circular economy: the expected transition to a balanced interplay of environmental and economic systems,JOURNAL OF CLEANER PRODUCTION,2016,10.1016/j.jclepro.2015.09.007,
"Dong, L; Fujita, T; Dai, M; Geng, Y; Ren, JZ; Fujii, M; Wang, Y; Ohnishi, S",Towards preventative eco-industrial development: an industrial and urban symbiosis case in one typical industrial city in China,JOURNAL OF CLEANER PRODUCTION,2016,10.1016/j.jclepro.2015.05.015,
"Pan, SY; Du, MA; Huang, IT; Liu, IH; Chang, EE; Chiang, PC",Strategies on implementation of waste-to-energy (WTE) supply chain for circular economy system: a review,JOURNAL OF CLEANER PRODUCTION,2015,10.1016/j.jclepro.2015.06.124,
"Li, H; Dong, L; Ren, JZ","Industrial symbiosis as a countermeasure for resource dependent city: a case study of Guiyang, China",JOURNAL OF CLEANER PRODUCTION,2015,10.1016/j.jclepro.2015.04.089,
"Geng, Y; Tsuyoshi, F; Chen, XD",Evaluation of innovative municipal solid waste management through urban symbiosis: a case study of Kawasaki,JOURNAL OF CLEANER PRODUCTION,2010,10.1016/j.jclepro.2010.03.003,
"Voskamp, IM; Stremke, S; Spiller, M; Perrotti, D; van der Hoek, JP; Rijnaarts, HHM",Enhanced Performance of the Eurostat Method for Comprehensive Assessment of Urban Metabolism,JOURNAL OF INDUSTRIAL ECOLOGY,2017,10.1111/jiec.12461,
"Haupt, M; Vadenbo, C; Hellweg, S",Do We Have the Right Performance Indicators for the Circular Economy? Insight into the Swiss Waste Management System,JOURNAL OF INDUSTRIAL ECOLOGY,2017,10.1111/jiec.12506,
"Hadzic, A; Voca, N; Golubic, S","Life-cycle assessment of solid-waste management in city of Zagreb, Croatia",JOURNAL OF MATERIAL CYCLES AND WASTE MANAGEMENT,2018,10.1007/s10163-017-0693-2,
"Geng, Y; Ren, WX; Xue, B; Fujita, T; Xi, FM; Liu, Y; Wang, ML",Regional medical waste management in China: a case study of Shenyang,JOURNAL OF MATERIAL CYCLES AND WASTE MANAGEMENT,2013,10.1007/s10163-013-0118-9,
"Keblowski, W; Lambert, D; Bassens, D",Circular economy and the city: an urban political economy agenda,CULTURE AND ORGANIZATION,2020,10.1080/14759551.2020.1718148,"The circular economy (CE) has become a matter of urban development. A literature review shows that the CE debate is biased toward technology-driven industrial change, while bracketing broader socio-political interests. We address this gap by exploring the political É"
"Flores, CC; Bressers, H; Gutierrez, C; de Boer, C","Towards circular economy - a wastewater treatment perspective, the Presa Guadalupe case",MANAGEMENT RESEARCH REVIEW,2018,10.1108/MRR-02-2018-0056,
"Du, ZR",PLANNING FRAMEWORK OF THE CIRCULAR ECONOMY ECO-CITY.,OPEN HOUSE INTERNATIONAL,2016,,
"Lin, M; Wu, RH",Production cost heterogeneity in the circular city model,OPERATIONS RESEARCH LETTERS,2015,10.1016/j.orl.2015.04.010,
"Espinoza, LT; Schrijvers, D; Chen, WQ; Dewulf, J; Eggert, R; Goddin, J; Habib, K; Hageluken, C; Hurd, AJ; Kleijn, R; Ku, AY; Lee, MH; Nansai, K; Nuss, P; Peck, D; Petavratzi, E; Sonnemann, G; van der Voet, E; Wager, PA; Young, SB; Hool, A","Greater circularity leads to lower criticality, and other links between criticality and the circular economy",RESOURCES CONSERVATION AND RECYCLING,2020,10.1016/j.resconrec.2020.104718,
"Bui, TD; Tsai, FM; Tseng, ML; Ali, MH",Identifying sustainable solid waste management barriers in practice using the fuzzy Delphi method,RESOURCES CONSERVATION AND RECYCLING,2020,10.1016/j.resconrec.2019.104625,
"Gao, CK; Gao, CB; Song, KH; Fang, KJ",Pathways towards regional circular economy evaluated using material flow analysis and system dynamics,RESOURCES CONSERVATION AND RECYCLING,2020,10.1016/j.resconrec.2019.104527,
"Glinska, K; Stuber, F; Fabregat, A; Giralt, J; Font, J; Mateo-Sanz, JM; Torrens, E; Bengoa, C",Moving municipal WWTP towards circular economy: Cellulose recovery from primary sludge with ionic liquid,RESOURCES CONSERVATION AND RECYCLING,2020,10.1016/j.resconrec.2019.104626,
"Foster, G",Circular economy strategies for adaptive reuse of cultural heritage buildings to reduce environmental impacts,RESOURCES CONSERVATION AND RECYCLING,2020,10.1016/j.resconrec.2019.104507,
"Roychand, R; Pramanik, BK; Zhang, GM; Setunge, S",Recycling steel slag from municipal wastewater treatment plants into concrete applications - A step towards circular economy,RESOURCES CONSERVATION AND RECYCLING,2020,10.1016/j.resconrec.2019.104533,
"Kerdlap, P; Low, JSC; Ramakrishna, S","Zero waste manufacturing: A framework and review of technology, research, and implementation barriers for enabling a circular economy transition in Singapore",RESOURCES CONSERVATION AND RECYCLING,2019,10.1016/j.resconrec.2019.104438,
"Noll, D; Wiedenhofer, D; Miatto, A; Singh, SJ","The expansion of the built environment, waste generation and EU recycling targets on Samothraki, Greece: An island's dilemma",RESOURCES CONSERVATION AND RECYCLING,2019,10.1016/j.resconrec.2019.104405,
"Valenzuela-Levi, N",Factors influencing municipal recycling in the Global South: The case of Chile,RESOURCES CONSERVATION AND RECYCLING,2019,10.1016/j.resconrec.2019.104441,
"Fujii, M; Dou, Y; Sun, L; Ohnishi, S; Maki, S; Dong, HJ; Dong, L; Chandran, R",Contribution to a low-carbon society from improving exergy of waste-to-energy system by upgrading utilization of waste,RESOURCES CONSERVATION AND RECYCLING,2019,10.1016/j.resconrec.2019.06.038,
"Zacho, KO; Mosgaard, M; Riisgaard, H",Capturing uncaptured values - A Danish case study on municipal preparation for reuse and recycling of waste,RESOURCES CONSERVATION AND RECYCLING,2018,10.1016/j.resconrec.2018.04.031,
"Babbitt, CW; Gaustad, G; Fisher, A; Chen, WQ; Liu, G",Closing the loop on circular economy research: From theory to practice and back again,RESOURCES CONSERVATION AND RECYCLING,2018,10.1016/j.resconrec.2018.04.012,
"Nowakowski, P; Mrowczynska, B",Towards sustainable WEEE collection and transportation methods in circular economy - Comparative study for rural and urban settlements,RESOURCES CONSERVATION AND RECYCLING,2018,10.1016/j.resconrec.2017.12.016,
"Cobo, S; Dominguez-Ramos, A; Irabien, A",From linear to circular integrated waste management systems: A review of methodological approaches,RESOURCES CONSERVATION AND RECYCLING,2018,10.1016/j.resconrec.2017.08.003,
"Mahpour, A",Prioritizing barriers to adopt circular economy in construction and demolition waste management,RESOURCES CONSERVATION AND RECYCLING,2018,10.1016/j.resconrec.2018.01.026,
"Stephan, A; Athanassiadis, A",Towards a more circular construction sector: Estimating and spatialising current and future non-structural material replacement flows to maintain urban building stocks,RESOURCES CONSERVATION AND RECYCLING,2018,10.1016/j.resconrec.2017.09.022,
"Ammenberg, J; Anderberg, S; Lonnqvist, T; Gronkvist, S; Sandberg, T",Biogas in the transport sector-actor and policy analysis focusing on the demand side in the Stockholm region,RESOURCES CONSERVATION AND RECYCLING,2018,10.1016/j.resconrec.2017.10.010,
"Steuer, B; Rarnusch, R; Salhofer, SP",Can Beijing's informal waste recycling sector survive amidst worsening circumstances?,RESOURCES CONSERVATION AND RECYCLING,2018,10.1016/j.resconrec.2017.09.026,
"Wielemaker, RC; Weijma, J; Zeeman, G",Harvest to harvest: Recovering nutrients with New Sanitation systems for reuse in Urban Agriculture,RESOURCES CONSERVATION AND RECYCLING,2018,10.1016/j.resconrec.2016.09.015,
"Sun, L; Li, H; Dong, L; Fang, K; Ren, JZ; Geng, Y; Fujii, M; Zhang, W; Zhang, N; Liu, Z","Eco-benefits assessment on urban industrial symbiosis based on material flows analysis and emergy evaluation approach: A case of Liuzhou city, China",RESOURCES CONSERVATION AND RECYCLING,2017,10.1016/j.resconrec.2016.06.007,
"Goldstein, J",Just how wicked is Beijing's waste problem? A response to The rise and fall of a waste city in the construction of an urban circular economic system: The changing landscape of waste in Beijing by Xin Tong and Dongyan Tao,RESOURCES CONSERVATION AND RECYCLING,2017,10.1016/j.resconrec.2016.10.018,
"Tian, X; Wu, YF; Qu, S; Liang, S; Xu, M; Zuo, TY",The disposal and willingness to pay for residents' scrap fluorescent lamps in China: A case study of Beijing,RESOURCES CONSERVATION AND RECYCLING,2016,10.1016/j.resconrec.2016.07.008,
"Tong, X; Tao, DY",The rise and fall of a waste city in the construction of an urban circular economic system: The changing landscape of waste in Beijing,RESOURCES CONSERVATION AND RECYCLING,2016,10.1016/j.resconrec.2015.12.003,
"Maass, O; Grundmann, P","Added-value from linking the value chains of wastewater treatment, crop production and bioenergy production: A case study on reusing wastewater and sludge in crop production in Braunschweig (Germany)",RESOURCES CONSERVATION AND RECYCLING,2016,10.1016/j.resconrec.2016.01.002,
"Egle, L; Rechberger, H; Zessner, M",Overview and description of technologies for recovering phosphorus from municipal wastewater,RESOURCES CONSERVATION AND RECYCLING,2015,10.1016/j.resconrec.2015.09.016,
"Liu, TT; Wu, YF; Tian, X; Gong, Y","Urban household solid waste generation and collection in Beijing, China",RESOURCES CONSERVATION AND RECYCLING,2015,10.1016/j.resconrec.2015.09.004,
"Xue, B; Chen, XP; Geng, Y; Guo, XJ; Lu, CP; Zhang, ZL; Lu, CY",Survey of officials' awareness on circular economy development in China: Based on municipal and county level,RESOURCES CONSERVATION AND RECYCLING,2010,10.1016/j.resconrec.2010.05.010,
"Iqbal, A; Liu, XM; Chen, GH",Municipal solid waste: Review of best practices in application of life cycle assessment and sustainable management techniques,SCIENCE OF THE TOTAL ENVIRONMENT,2020,10.1016/j.scitotenv.2020.138622,
"Marino, A; Pariso, P",Comparing European countries' performances in the transition towards the Circular Economy,SCIENCE OF THE TOTAL ENVIRONMENT,2020,10.1016/j.scitotenv.2020.138142,
"Vaverkova, MD; Adamcova, D; Winkler, J; Koda, E; Petrzelova, L; Maxianova, A",Alternative method of composting on a reclaimed municipal waste landfill in accordance with the circular economy: Benefits and risks,SCIENCE OF THE TOTAL ENVIRONMENT,2020,10.1016/j.scitotenv.2020.137971,
"Kokkinos, K; Karayannis, V; Moustakas, K",Circular bio-economy via energy transition supported by Fuzzy Cognitive Map modeling towards sustainable low-carbon environment,SCIENCE OF THE TOTAL ENVIRONMENT,2020,10.1016/j.scitotenv.2020.137754,
"Scavarda, A; Dau, G; Scavarda, LF; Azevedo, BD; Korzenowski, AL",Social and ecological approaches in urban interfaces: A sharing economy management framework,SCIENCE OF THE TOTAL ENVIRONMENT,2020,10.1016/j.scitotenv.2019.139407,
"De Medici, S; Riganti, P; Viola, S","Circular Economy and the Role of Universities in Urban Regeneration: The Case of Ortigia, Syracuse",SUSTAINABILITY,2018,10.3390/su10114305,"Regeneration processes activate stable regimes of interaction and interdependence among the architectural, economic, cultural and social sub-systems in settlements. The thesis of this paper is that in order to progress towards sustainable and inclusive cities, urban governance É"
"Laurieri, N; Lucchese, A; Marino, A; Digiesi, S",A Door-to-Door Waste Collection System Case Study: A Survey on its Sustainability and Effectiveness,SUSTAINABILITY,2020,10.3390/su12145520,
"Kakkos, E; Heisel, F; Hebel, DE; Hischier, R",Towards Urban Mining-Estimating the Potential Environmental Benefits by Applying an Alternative Construction Practice. A Case Study from Switzerland,SUSTAINABILITY,2020,10.3390/su12125041,
"Amenta, L; Qu, L",Experimenting with Circularity When Designing Contemporary Regions: Adaptation Strategies for More Resilient and Regenerative Metropolitan Areas of Amsterdam and Naples Developed in University Studio Settings,SUSTAINABILITY,2020,10.3390/su12114549,
"Smol, M; Duda, J; Czaplicka-Kotas, A; Szoldrowska, D",Transformation towards Circular Economy (CE) in Municipal Waste Management System: Model Solutions for Poland,SUSTAINABILITY,2020,10.3390/su12114561,
"Fehr, A; Urushadze, T; Zoller, N; Knerr, B; Ploeger, A; Vogtmann, H",Establishing a Sustainable Waste Management System in a Transitional Economic Context: Analysis of the Socio-Economic Dynamics,SUSTAINABILITY,2020,10.3390/su12093887,
"Rosiek, K",Directions and Challenges in the Management of Municipal Sewage Sludge in Poland in the Context of the Circular Economy,SUSTAINABILITY,2020,10.3390/su12093686,
"Assi, A; Bilo, F; Zanoletti, A; Ponti, J; Valsesia, A; La Spina, R; Depero, LE; Bontempi, E",Review of the Reuse Possibilities Concerning Ash Residues from Thermal Process in a Medium-Sized Urban System in Northern Italy,SUSTAINABILITY,2020,10.3390/su12104193,
"Mankowska, M; Kotowska, I; Plucinski, M",Seaports as Nodal Points of Circular Supply Chains: Opportunities and Challenges for Secondary Ports,SUSTAINABILITY,2020,10.3390/su12093926,
"Cerreta, M; di Girasole, EG; Poli, G; Regalbuto, S",Operationalizing the Circular City Model for Naples' City-Port: A Hybrid Development Strategy,SUSTAINABILITY,2020,10.3390/su12072927,
"Gutberlet, J; Bramryd, T; Johansson, M",Expansion of the Waste-Based Commodity Frontier: Insights from Sweden and Brazil,SUSTAINABILITY,2020,10.3390/su12072628,
"Limba, T; Novikovas, A; Stankevicius, A; Andrulevicius, A; Tvaronaviciene, M",Big Data Manifestation in Municipal Waste Management and Cryptocurrency Sectors: Positive and Negative Implementation Factors,SUSTAINABILITY,2020,10.3390/su12072862,
"Pecorini, I; Peruzzi, E; Albini, E; Doni, S; Macci, C; Masciandaro, G; Iannelli, R",Evaluation of MSW Compost and Digestate Mixtures for a Circular Economy Application,SUSTAINABILITY,2020,10.3390/su12073042,
"Bruni, C; Akyol, C; Cipolletta, G; Eusebi, AL; Caniani, D; Masi, S; Colon, J; Fatone, F","Decentralized Community Composting: Past, Present and Future Aspects of Italy",SUSTAINABILITY,2020,10.3390/su12083319,
"Palmieri, N; Suardi, A; Alfano, V; Pari, L",Circular Economy Model: Insights from a Case Study in South Italy,SUSTAINABILITY,2020,10.3390/su12083466,
"Khitous, F; Strozzi, F; Urbinati, A; Alberti, F",A Systematic Literature Network Analysis of Existing Themes and Emerging Research Trends in Circular Economy,SUSTAINABILITY,2020,10.3390/su12041633,
"Stavropoulos, S; Burger, MJ; Dufourmont, J",Urban Circular Policies and Employment through Greenfield FDI,SUSTAINABILITY,2020,10.3390/su12041458,
"Van de Kaa, G; van den Eijnden, L; Doorn, N",Filtering Out Standard Success Criteria in the Case of Multi-Mode Standardization: Responsible Waste Water Treatment,SUSTAINABILITY,2020,10.3390/su12041641,
"Hoang, NH; Fogarassy, C",Sustainability Evaluation of Municipal Solid Waste Management System for Hanoi (Vietnam)-Why to Choose the 'Waste-to-Energy' Concept,SUSTAINABILITY,2020,10.3390/su12031085,
"de Kraker, J; Kujawa-Roeleveld, K; Villena, MJ; Pabon-Pereira, C",Decentralized Valorization of Residual Flows as an Alternative to the Traditional Urban Waste Management System: The Case of Penalolen in Santiago de Chile,SUSTAINABILITY,2019,10.3390/su11226206,
"Fassio, F; Minotti, B",Circular Economy for Food Policy: The Case of the RePoPP Project in The City of Turin (Italy),SUSTAINABILITY,2019,10.3390/su11216078,
"Girard, LF; Nocca, F",Moving Towards the Circular Economy/City Model: Which Tools for Operationalizing This Model?,SUSTAINABILITY,2019,10.3390/su11226253,
"Yang, ZS",Sustainability of Urban Development with Population Decline in Different Policy Scenarios: A Case Study of Northeast China,SUSTAINABILITY,2019,10.3390/su11226442,
"Kyriakopoulos, GL; Kapsalis, VC; Aravossis, KG; Zamparas, M; Mitsikas, A",Evaluating Circular Economy under a Multi-Parametric Approach: A Technological Review,SUSTAINABILITY,2019,10.3390/su11216139,
"Laurenti, R; Singh, J; Cotrim, JM; Toni, M; Sinha, R",Characterizing the Sharing Economy State of the Research: A Systematic Map,SUSTAINABILITY,2019,10.3390/su11205729,
"Van den Berghe, K; Vos, M","Circular Area Design or Circular Area Functioning? A Discourse-Institutional Analysis of Circular Area Developments in Amsterdam and Utrecht, The Netherlands",SUSTAINABILITY,2019,10.3390/su11184875,
"Kumble, PA","Reflections on Service Learning for a Circular Economy Project in a Guatemalan Neighborhood, Central America",SUSTAINABILITY,2019,10.3390/su11174776,
"Gravagnuolo, A; Angrisano, M; Girard, LF",Circular Economy Strategies in Eight Historic Port Cities: Criteria and Indicators Towards a Circular City Assessment Framework,SUSTAINABILITY,2019,10.3390/su11133512,
"Xue, JY; Liu, GY; Casazza, M; Ulgiati, S",Development of an urban FEW nexus online analyzer to support urban circular economy strategy planning,ENERGY,2018,10.1016/j.energy.2018.08.198,"Growth of urban population around the world and, particularly, within urban areas, has placed various pressing challenges on Food, Energy, and Water (FEW) such as food security, water safety as well as energy scarcity and so on. Current studies on urban FEW É"
"Williams, J",The Circular Regeneration of a Seaport,SUSTAINABILITY,2019,10.3390/su11123424,
"Elliot, T; Almenar, JB; Niza, S; Proenca, V; Rugani, B",Pathways to Modelling Ecosystem Services within an Urban Metabolism Framework,SUSTAINABILITY,2019,10.3390/su11102766,
"Longato, D; Lucertini, G; Dalla Fontana, M; Musco, F",Including Urban Metabolism Principles in Decision-Making: A Methodology for Planning Waste and Resource Management,SUSTAINABILITY,2019,10.3390/su11072101,
"de Ferreira, AC; Fuso-Nerini, F",A Framework for Implementing and Tracking Circular Economy in Cities: The Case of Porto,SUSTAINABILITY,2019,10.3390/su11061813,
"Williams, J",Circular Cities: Challenges to Implementing Looping Actions,SUSTAINABILITY,2019,10.3390/su11020423,
"Amenta, L; van Timmeren, A",Beyond Wastescapes: Towards Circular Landscapes. Addressing the Spatial Dimension of Circularity through the Regeneration of Wastescapes,SUSTAINABILITY,2018,10.3390/su10124740,
"Thomsen, M; Romeo, D; Caro, D; Seghetta, M; Cong, RG",Environmental-Economic Analysis of Integrated Organic Waste and Wastewater Management Systems: A Case Study from Aarhus City (Denmark),SUSTAINABILITY,2018,10.3390/su10103742,
"Taelman, SE; Tonini, D; Wandl, A; Dewulf, J",A Holistic Sustainability Framework for Waste Management in European Cities: Concept Development,SUSTAINABILITY,2018,10.3390/su10072184,
"Marin, J; De Meulder, B",Interpreting Circularity. Circular City Representations Concealing Transition Drivers,SUSTAINABILITY,2018,10.3390/su10051310,
"Huang, JH; Zhao, R; Huang, T; Wang, XQ; Tseng, ML",Sustainable Municipal Solid Waste Disposal in the Belt and Road Initiative: A Preliminary Proposal for Chengdu City,SUSTAINABILITY,2018,10.3390/su10041147,
"Liu, W; Zhan, JY; Li, ZH; Jia, SQ; Zhang, F; Li, YF","Eco-Efficiency Evaluation of Regional Circular Economy: A Case Study in Zengcheng, Guangzhou",SUSTAINABILITY,2018,10.3390/su10020453,
"Barragan-Escandon, A; Terrados-Cepeda, J; Zalamea-Leon, E",The Role of Renewable Energy in the Promotion of Circular Urban Metabolism,SUSTAINABILITY,2017,10.3390/su9122341,
"Schneider, P; Anh, LH; Wagner, J; Reichenbach, J; Hebner, A","Solid Waste Management in Ho Chi Minh City, Vietnam: Moving towards a Circular Economy?",SUSTAINABILITY,2017,10.3390/su9020286,
"Lee, SE; Quinn, AD; Rogers, CDF",Advancing City Sustainability via Its Systems of Flows: The Urban Metabolism of Birmingham and Its Hinterland,SUSTAINABILITY,2016,10.3390/su8030220,
"Huang, Q; Zheng, XQ; Hu, YC",Analysis of Land-Use Emergy Indicators Based on Urban Metabolism: A Case Study for Beijing,SUSTAINABILITY,2015,10.3390/su7067473,
"Keough, N; Ghitter, G",Pathways to sustainable low-carbon transitions in an auto-dependent Canadian city,SUSTAINABILITY SCIENCE,2020,10.1007/s11625-019-00698-5,
"Milios, L",Advancing to a Circular Economy: three essential ingredients for a comprehensive policy mix,SUSTAINABILITY SCIENCE,2018,10.1007/s11625-017-0502-9,
"Paiho, S; Maki, E; Wessberg, N; Paavola, M; Tuominen, P; Antikainen, M; Heikkila, J; Rozado, CA; Jung, N",Towards circular cities-Conceptualizing core aspects,SUSTAINABLE CITIES AND SOCIETY,2020,10.1016/j.scs.2020.102143,
"Inostroza, L",The circularity of the urban ecosystem material productivity: The transformation of biomass into technomass in Southern Patagonia,SUSTAINABLE CITIES AND SOCIETY,2018,10.1016/j.scs.2018.03.001,
"Islam, KMN; Jashimuddin, M",Reliability and economic analysis of moving towards wastes to energy recovery based waste less sustainable society in Bangladesh: The caseof commercial capital city Chittagong,SUSTAINABLE CITIES AND SOCIETY,2017,10.1016/j.scs.2016.11.011,
"Hao, Y; Wang, YT; Wu, QW; Sun, SW; Wang, WL; Cui, ML",What affects residents' participation in the circular economy for sustainable development? Evidence from China,SUSTAINABLE DEVELOPMENT,2020,10.1002/sd.2074,
"Rodrigues, M; Franco, M",Measuring the urban sustainable development in cities through a Composite Index: The case of Portugal,SUSTAINABLE DEVELOPMENT,2020,10.1002/sd.2005,
"Sahimaa, O; Mattinen, MK; Koskela, S; Salo, M; Sorvari, J; Myllymaa, T; Huuhtanen, J; Seppala, J","Towards zero climate emissions, zero waste, and one planet living - Testing the applicability of three indicators in Finnish cities",SUSTAINABLE PRODUCTION AND CONSUMPTION,2017,10.1016/j.spc.2017.02.004,
"Hobson, K",From circular consumers to carriers of (unsustainable) practices: socio-spatial transformations in the Circular City,URBAN GEOGRAPHY,2020,10.1080/02723638.2020.1786329,
"Rathore, GJS",Formality and informality in e-waste economies: exploring caste-class in urban land and labor practices,URBAN GEOGRAPHY,2020,10.1080/02723638.2020.1785745,
"Bassens, D; Keblowski, W; Lambert, D",Placing cities in the circular economy: neoliberal urbanism or spaces of socio-ecological transition?,URBAN GEOGRAPHY,2020,10.1080/02723638.2020.1788312,
"Burneo, D; Cansino, JM; Yniguez, R",Environmental and Socioeconomic Impacts of Urban Waste Recycling as Part of Circular Economy. The Case of Cuenca (Ecuador),SUSTAINABILITY,2020,10.3390/su12083406,Urban mining by recyclers represents a positive environmental impact as well as being part of the waste management chain. This paper analyzes the contribution of waste pickers in the city of Cuenca in Ecuador and the conditions of their activity. This research has a two-fold É
"Amenta, L; Attademo, A; Remoy, H; Berruti, G; Cerreta, M; Formato, E; Palestino, MF; Russo, M",Managing the Transition towards Circular Metabolism: Living Labs as a Co-Creation Approach,URBAN PLANNING,2019,10.17645/up.v4i3.2170,
"Obersteg, A; Arlati, A; Acke, A; Berruti, G; Czapiewski, K; Dabrowski, M; Heurkens, E; Mezei, C; Palestino, MF; Varju, V; Wojcik, M; Knieling, J",Urban Regions Shifting to Circular Economy: Understanding Challenges for New Ways of Governance,URBAN PLANNING,2019,10.17645/up.v4i3.2158,
"Dabrowski, M; Varju, V; Amenta, L",Transferring Circular Economy Solutions across Differentiated Territories: Understanding and Overcoming the Barriers for Knowledge Transfer,URBAN PLANNING,2019,10.17645/up.v4i3.2162,
"Williams, J",Circular cities,URBAN STUDIES,2019,10.1177/0042098018806133,
"van der Hoek, JP; Struker, A; de Danschutter, JEM","Amsterdam as a sustainable European metropolis: integration of water, energy and material flows",URBAN WATER JOURNAL,2017,10.1080/1573062X.2015.1076858,
"Paul, S; Dutta, A; Defersha, F; Dubey, B",Municipal Food Waste to Biomethane and Biofertilizer: A Circular Economy Concept,WASTE AND BIOMASS VALORIZATION,2018,10.1007/s12649-017-0014-y,
"Gardiner, R; Hajek, P","Municipal waste generation, R&D intensity, and economic growth nexus - A case of EU regions",WASTE MANAGEMENT,2020,10.1016/j.wasman.2020.06.038,
"Di Foggia, G; Beccarello, M",Drivers of municipal solid waste management cost based on cost models inherent to sorted and unsorted waste,WASTE MANAGEMENT,2020,10.1016/j.wasman.2020.07.012,
"Magazzino, C; Mele, M; Schneider, N",The relationship between municipal solid waste and greenhouse gas emissions: Evidence from Switzerland,WASTE MANAGEMENT,2020,10.1016/j.wasman.2020.05.033,
"Alcay, A; Montanes, A; Simon-Fernandez, MB",Waste generation in Spain. Do Spanish regions exhibit a similar behavior?,WASTE MANAGEMENT,2020,10.1016/j.wasman.2020.05.029,
"Ayeleru, OO; Dlova, S; Akinribide, OJ; Ntuli, F; Kupolati, WK; Marina, PF; Blencowe, A; Olubambi, PA",Challenges of plastic waste generation and management in sub-Saharan Africa: A review,WASTE MANAGEMENT,2020,10.1016/j.wasman.2020.04.017,
"Marquez, AJC; Rutkowski, EW",Waste management drivers towards a circular economy in the global south ? The Colombian case,WASTE MANAGEMENT,2020,10.1016/j.wasman.2020.05.016,
"Giannakitsidou, O; Giannikos, I; Chondrou, A",Ranking European countries on the basis of their environmental and circular economy performance: A DEA application in MSW,WASTE MANAGEMENT,2020,10.1016/j.wasman.2020.04.055,
"Yang, G; Zhou, CB; Wang, WL; Ma, SJ; Liu, HJ; Liu, YJ; Zhao, ZL",Recycling sustainability of waste paper industry in Beijing City: An analysis based on value chain and GIS model,WASTE MANAGEMENT,2020,10.1016/j.wasman.2020.03.013,
"van Ewijk, S; Stegemann, JA",Recognising waste use potential to achieve a circular economy,WASTE MANAGEMENT,2020,10.1016/j.wasman.2020.01.019,
"Siman, RR; Yamane, LH; Baldam, RD; Tackla, JP; Lessa, SFD; de Britto, PM",Governance tools: Improving the circular economy through the promotion of the economic sustainability of waste picker organizations,WASTE MANAGEMENT,2020,10.1016/j.wasman.2020.01.040,
"Mollnitz, S; Khodier, K; Pomberger, R; Sarc, R",Grain size dependent distribution of different plastic types in coarse shredded mixed commercial and municipal waste,WASTE MANAGEMENT,2020,10.1016/j.wasman.2019.12.037,
"Palafox-Alcantar, PG; Hunt, DVL; Rogers, CDF",The complementary use of game theory for the circular economy: A review of waste management decision-making methods in civil engineering,WASTE MANAGEMENT,2020,10.1016/j.wasman.2019.11.014,
"Colvero, DA; Ramalho, J; Gomes, APD; de Matos, MAA; Tarelho, LAC",Economic analysis of a shared municipal solid waste management facility in a metropolitan region,WASTE MANAGEMENT,2020,10.1016/j.wasman.2019.11.033,
"Ferronato, N; Preziosi, G; Portillo, MAG; Lizarazu, EGG; Torretta, V",Assessment of municipal solid waste selective collection scenarios with geographic information systems in Bolivia,WASTE MANAGEMENT,2020,10.1016/j.wasman.2019.12.010,
"Bagheri, M; Esfilar, R; Golchi, MS; Kennedy, CA",Towards a circular economy: A comprehensive study of higher heat values and emission potential of various municipal solid wastes,WASTE MANAGEMENT,2020,10.1016/j.wasman.2019.09.042,
"Bao, ZK; Lu, WS; Chi, B; Yuan, HP; Hao, JL","Procurement innovation for a circular economy of construction and demolition waste: Lessons learnt from Suzhou, China",WASTE MANAGEMENT,2019,10.1016/j.wasman.2019.08.031,
"Beggio, G; Schievano, A; Bonato, T; Hennebert, P; Pivato, A",Statistical analysis for the quality assessment of digestates from separately collected organic fraction of municipal solid waste (OFMSW) and agro-industrial feedstock. Should input feedstock to anaerobic digestion determine the legal status of digestate?,WASTE MANAGEMENT,2019,10.1016/j.wasman.2019.02.040,
"Ali, M; Geng, Y; Robins, D; Cooper, D; Roberts, W; Vogtlander, J","Improvement of waste management practices in a fast expanding sub-megacity in Pakistan, on the basis of qualitative and quantitative indicators",WASTE MANAGEMENT,2019,10.1016/j.wasman.2018.12.030,
"Esmaeilian, B; Wang, B; Lewis, K; Duarte, F; Ratti, C; Behdad, S",The future of waste management in smart and sustainable cities: A review and concept paper,WASTE MANAGEMENT,2018,10.1016/j.wasman.2018.09.047,
"Di Foggia, G; Beccarello, M",Improving efficiency in the MSW collection and disposal service combining price cap and yardstick regulation: The Italian case,WASTE MANAGEMENT,2018,10.1016/j.wasman.2018.07.040,
"Sastre, S; Llopart, J; Ventosa, IP",Mind the gap: A model for the EU recycling target applied to the Spanish regions,WASTE MANAGEMENT,2018,10.1016/j.wasman.2018.07.046,
"Hu, Y; Poustie, M",Urban mining demonstration bases in China: A new approach to the reclamation of resources,WASTE MANAGEMENT,2018,10.1016/j.wasman.2018.08.032,
"da Silva, CL",Proposal of a dynamic model to evaluate public policies for the circular economy: Scenarios applied to the municipality of Curitiba,WASTE MANAGEMENT,2018,10.1016/j.wasman.2018.06.007,
"Andersson, C; Stage, J",Direct and indirect effects of waste management policies on household waste behaviour: The case of Swedenl,WASTE MANAGEMENT,2018,10.1016/j.wasman.2018.03.038,
"Edwards, J; Othman, M; Crossin, E; Burn, S",Life cycle inventory and mass-balance of municipal food waste management systems: Decision support methods beyond the waste hierarchy,WASTE MANAGEMENT,2017,10.1016/j.wasman.2017.08.011,
"Liikanen, M; Sahimaa, O; Hupponen, M; Havukainen, J; Sorvari, J; Horttanainen, M",Updating and testing of a Finnish method for mixed municipal solid waste composition studies,WASTE MANAGEMENT,2016,10.1016/j.wasman.2016.03.022,
"Ongondo, FO; Williams, ID; Whitlock, G",Distinct Urban Mines: Exploiting secondary resources in unique anthropogenic spaces,WASTE MANAGEMENT,2015,10.1016/j.wasman.2015.05.026,
"Lugo, M; Ail, SS; Castaldi, MJ",Approaching a zero-waste strategy by reuse in New York City: Challenges and potential,WASTE MANAGEMENT & RESEARCH,2020,10.1177/0734242X20919496,
"Balkau, F; Bezama, A",Life cycle methodologies for building circular economy in cities and regions,WASTE MANAGEMENT & RESEARCH,2019,10.1177/0734242X19864489,
"Traven, L; Kegalj, I; Sebelja, I",Management of municipal solid waste in Croatia: Analysis of current practices with performance benchmarking against other European Union member states,WASTE MANAGEMENT & RESEARCH,2018,10.1177/0734242X18789058,
"Ferronato, N; Portillo, MAG; Lizarazu, EGG; Torretta, V; Bezzi, M; Ragazzi, M",The municipal solid waste management of La Paz (Bolivia): Challenges and opportunities for a sustainable development,WASTE MANAGEMENT & RESEARCH,2018,10.1177/0734242X18755893,
"de Andrade, MAU; Zanghelini, GM; Soares, SR",Using life cycle assessment to address stakeholders' potential for improving municipal solid waste management,WASTE MANAGEMENT & RESEARCH,2017,10.1177/0734242X17697817,
"Esbensen, KH; Velis, C",Transition to circular economy requires reliable statistical quantification and control of uncertainty and variability in waste,WASTE MANAGEMENT & RESEARCH,2016,10.1177/0734242X16680911,
"Scheinberg, A; Nesic, J; Savain, R; Luppi, P; Sinnott, P; Petean, F; Pop, F",From collision to collaboration - Integrating informal recyclers and re-use operators in Europe: A review,WASTE MANAGEMENT & RESEARCH,2016,10.1177/0734242X16657608,
"Karimpour, R; Ballini, F; Olcer, AI",Circular economy approach to facilitate the transition of the port cities into self-sustainable energy ports-a case study in Copenhagen-Malmo Port (CMP),WMU JOURNAL OF MARITIME AFFAIRS,2019,10.1007/s13437-019-00170-2,
"Siddiqi, A; Haraguchi, M; Narayanamurti, V",Urban waste to energy recovery assessment simulations for developing countries,WORLD DEVELOPMENT,2020,10.1016/j.worlddev.2020.104949,
"Wang, N; Lee, JCK; Zhang, J; Chen, HT; Li, H",Evaluation of Urban circular economy development: An empirical research of 40 cities in China,JOURNAL OF CLEANER PRODUCTION,2018,10.1016/j.jclepro.2018.01.089,"The city is an important component in the construction of circular economy (CE), and after years of development, assessment of urban CE and calculation of an urban circular development index (UCDI) is an important task that the Chinese government has faced É"
"Tsai, FM; Bui, TD; Tseng, ML; Lim, MK; Hu, JY",Municipal solid waste management in a circular economy: A data-driven bibliometric analysis,JOURNAL OF CLEANER PRODUCTION,2020,10.1016/j.jclepro.2020.124132,
"Zeller, V; Lavigne, C; D'Ans, P; Towa, E; Achten, WMJ",Assessing the environmental performance for more local and more circular biowaste management options at city-region level,SCIENCE OF THE TOTAL ENVIRONMENT,2020,10.1016/j.scitotenv.2020.140690,
"Rufi-Salis, M; Parada, F; Arcas-Pilz, V; Petit-Boix, A; Villalba, G; Gabarrell, X",Closed-Loop Crop Cascade to Optimize Nutrient Flows and Grow Low-Impact Vegetables in Cities,FRONTIERS IN PLANT SCIENCE,2020,10.3389/fpls.2020.596550,
"Drosi, G; Lorandi, M; Bossi, A; Villani, F; Avakian, J",PAY AS YOU THROW - SYSTEMS FOR MUNICIPAL WASTE MANAGEMENT: ITALIAN EXPERIENCES AND A NEW PROPOSAL,ENVIRONMENTAL ENGINEERING AND MANAGEMENT JOURNAL,2020,,
"Gambino, I; Bagordo, F; Coluccia, B; Grassi, T; De Filippis, G; Piscitelli, P; Galante, B; De Leo, F",PET-Bottled Water Consumption in View of a Circular Economy: The Case Study of Salento (South Italy),SUSTAINABILITY,2020,10.3390/su12197988,
"Kazancoglu, Y; Ada, E; Ozturkoglu, Y; Ozbiltekin, M",Analysis of the barriers to urban mining for resource melioration in emerging economies,RESOURCES POLICY,2020,10.1016/j.resourpol.2020.101768,
"Lakatos, ES; Bacali, L; Ciomos, AO; Rosca, MG; Mateiciuc, C",THE BEHAVIOUR OF NEW GENERATIONS CONSUMERS RELATED TO THE CIRCULAR ECONOMY,ACTA TECHNICA NAPOCENSIS SERIES-APPLIED MATHEMATICS MECHANICS AND ENGINEERING,2018,,
"Viva, L; Ciulli, F; Kolk, A; Rothenberg, G",Designing Circular Waste Management Strategies: The Case of Organic Waste in Amsterdam,ADVANCED SUSTAINABLE SYSTEMS,2020,10.1002/adsu.202000023,
"Fratini, CF; Georg, S; Jorgensen, MS",Exploring circular economy imaginaries in European cities: A research agenda for the governance of urban sustainability transitions,JOURNAL OF CLEANER PRODUCTION,2019,10.1016/j.jclepro.2019.04.193,This paper builds on the following research questions: 1) How is circular economy imagined in the academic literature in support of sustainability transitions in European cities? 2) How do European cities imagine circular economy as a knowable object of governance? 3) How É
"Fan, YF; Hunt, JL; Wang, Q; Yin, S; Li, YG",Water tank modelling of variations in inversion breakup over a circular city,BUILDING AND ENVIRONMENT,2019,10.1016/j.buildenv.2019.106342,
"Steuer, B; Ramusch, R; Salhofer, S",IS THERE A FUTURE FOR THE INFORMAL RECYCLING SECTOR IN URBAN CHINA?,DETRITUS,2018,10.31025/2611-4135/2018.13725,
"Zhu, XT; Mu, XZ; Hu, GW",Ecological network analysis of urban energy metabolic system-A case study of Beijing,ECOLOGICAL MODELLING,2019,10.1016/j.ecolmodel.2019.04.016,
"Hu, GW; Mu, XZ",Dominants in evolution of urban energy metabolism: A case study of Beijing,ECOLOGICAL MODELLING,2018,10.1016/j.ecolmodel.2018.07.008,
"Nowakowska, A; Grodzicka-Kowalczyk, M",CIRCULAR ECONOMY APPROACH IN REVITALIZATION: AN OPPORTUNITY FOR EFFECTIVE URBAN REGENERATION,EKONOMIA I SRODOWISKO-ECONOMICS AND ENVIRONMENT,2019,10.34659/2019/4/45,
"Sobol, A",CIRCULAR ECONOMY IN SUSTAINABLE DEVELOPMENT OF CITIES,EKONOMIA I SRODOWISKO-ECONOMICS AND ENVIRONMENT,2019,10.34659/2019/4/56,
"Wiesmeth, H; Starodubets, NV",The Management of Municipal Solid Waste in Compliance with Circular Economy Criteria: the Case of Russia,EKONOMIKA REGIONA-ECONOMY OF REGION,2020,10.17059/ekon.reg.2020-3-4,
"Davidescu, AA; Apostu, SA; Paul, A",Exploring Citizens' Actions in Mitigating Climate Change and Moving toward Urban Circular Economy. A Multilevel Approach,ENERGIES,2020,10.3390/en13184752,
"Rolewicz-Kalinska, A; Lelicinska-Serafin, K; Manczarski, P",The Circular Economy and Organic Fraction of Municipal Solid Waste Recycling Strategies,ENERGIES,2020,10.3390/en13174366,
"Dong, L; Fujita, T; Zhang, H; Dai, M; Fujii, M; Ohnishi, S; Geng, Y; Liu, Z",Promoting low-carbon city through industrial symbiosis: A case in China by applying HPIMO model,ENERGY POLICY,2013,10.1016/j.enpol.2013.06.084,
"Prendeville, S; Cherim, E; Bocken, N",Circular Cities: Mapping Six Cities in Transition,ENVIRONMENTAL INNOVATION AND SOCIETAL TRANSITIONS,2018,10.1016/j.eist.2017.03.002,
"Bolger, K; Doyon, A",Circular cities: exploring local government strategies to facilitate a circular economy,EUROPEAN PLANNING STUDIES,2019,10.1080/09654313.2019.1642854,
"Chen, SL; Zheng, WH",A CASE STUDY ON ACCOUNTING OF BOT CONCESSION PROJECT: TAKING A LARGE SEWAGE TREATMENT PLANT IN A CITY AS AN EXAMPLE,FRESENIUS ENVIRONMENTAL BULLETIN,2020,,
"Wang, XB; Geng, Y",Municipal solid waste management in Dalian: practices and challenges,FRONTIERS OF ENVIRONMENTAL SCIENCE & ENGINEERING,2012,10.1007/s11783-011-0361-z,
"Chen, C; Fan, CC","Rural-urban circularity in China: Analysis of longitudinal surveys in Anhui, 1980-2009",GEOFORUM,2018,10.1016/j.geoforum.2018.05.013,
"Ilic, M; Nikolic, M",Drivers for development of circular economy - A case study of Serbia,HABITAT INTERNATIONAL,2016,10.1016/j.habitatint.2016.06.003,
"Barragan, EA; Arias, PD; Terrados, J","PROMOTING CIRCULAR ENERGY METABOLISMS THROUGH ELECTRICITY GENERATION FROM LANDFILLS: CASE STUDY CUENCA, ECUADOR",INGENIUS-REVISTA DE CIENCIA Y TECNOLOGIA,2016,10.17163/ings.n16.2016.05,
"Mazzocchi, G; Marino, D","Rome, a Policy without Politics: The Participatory Process for a Metropolitan Scale Food Policy",INTERNATIONAL JOURNAL OF ENVIRONMENTAL RESEARCH AND PUBLIC HEALTH,2020,10.3390/ijerph17020479,
"Rufi-Salis, M; Petit-Boix, A; Villalba, G; Sanjuan-Delmas, D; Parada, F; Ercilla-Montserrat, M; Arcas-Pilz, V; Munoz-Liesa, J; Rieradevall, J; Gabarrell, X",Recirculating water and nutrients in urban agriculture: An opportunity towards environmental sustainability and water use efficiency?,JOURNAL OF CLEANER PRODUCTION,2020,10.1016/j.jclepro.2020.121213,
"Assi, A; Bilo, F; Zanoletti, A; Ponti, J; Valsesia, A; La Spina, R; Zacco, A; Bontempi, E",Zero-waste approach in municipal solid waste incineration: Reuse of bottom ash to stabilize fly ash,JOURNAL OF CLEANER PRODUCTION,2020,10.1016/j.jclepro.2019.118779,
"Zhang, CB; Hu, MM; Dong, L; Xiang, PC; Zhang, Q; Wu, JB; Li, B; Shi, SY","Co-benefits of urban concrete recycling on the mitigation of greenhouse gas emissions and land use change: A case in Chongqing metropolis, China",JOURNAL OF CLEANER PRODUCTION,2018,10.1016/j.jclepro.2018.07.238,
"Zhong, SZ; Geng, Y; Kong, HN; Liu, B; Tian, X; Chen, W; Qian, YY; Ulgiati, S",Emergy-based sustainability evaluation of Erhai Lake Basin in China,JOURNAL OF CLEANER PRODUCTION,2018,10.1016/j.jclepro.2018.01.019,
"Guo, B; Geng, Y; Sterr, T; Zhu, QH; Liu, YX",Investigating public awareness on circular economy in western China: A case of Urumqi Midong,JOURNAL OF CLEANER PRODUCTION,2017,10.1016/j.jclepro.2016.11.063,
"Cohen, B; Munoz, P",Sharing cities and sustainable consumption and production: towards an integrated framework,JOURNAL OF CLEANER PRODUCTION,2016,10.1016/j.jclepro.2015.07.133,
"Ma, SH; Wen, ZG; Chen, JN; Wen, ZC",Mode of circular economy in China's iron and steel industry: a case study in Wu'an city,JOURNAL OF CLEANER PRODUCTION,2014,10.1016/j.jclepro.2013.10.008,
"Li, XT; Bao, JL; Sun, JG; Wang, J",Circular Economy of Resource-Based Industries in Coastal Cities and the Influence on Sustainable Development,JOURNAL OF COASTAL RESEARCH,2019,10.2112/SI98-024.1,
"Sauve, G; Van Acker, K",The environmental impacts of municipal solid waste landfills in Europe: A life cycle assessment of proper reference cases to support decision making,JOURNAL OF ENVIRONMENTAL MANAGEMENT,2020,10.1016/j.jenvman.2020.110216,
"Savini, F",The economy that runs on waste: accumulation in the circular city,JOURNAL OF ENVIRONMENTAL POLICY & PLANNING,2019,10.1080/1523908X.2019.1670048,
"Sauer, P; Dvorak, A; Prasek, J; Hadrabova, A; Nenckova, L",INTRODUCING CIRCULAR ECONOMY IN SMALL MUNICIPALITIES: METHODOLOGY AND A CASE OF SEWAGE SLUDGE COMPOSTING,JOURNAL OF ENVIRONMENTAL PROTECTION AND ECOLOGY,2020,,
"Marin, J; De Meulder, B",Urban landscape design exercises in urban metabolism: reconnecting with Central Limburg's regenerative resource landscape,JOURNAL OF LANDSCAPE ARCHITECTURE,2018,10.1080/18626033.2018.1476031,
"Jones, P; Comfort, D",Winning hearts and minds: A commentary on circular cities,JOURNAL OF PUBLIC AFFAIRS,2018,10.1002/pa.1726,
"Ribic, B; Voca, N; Ilakovac, B",Concept of sustainable waste management in the city of Zagreb: Towards the implementation of circular economy approach,JOURNAL OF THE AIR & WASTE MANAGEMENT ASSOCIATION,2017,10.1080/10962247.2016.1229700,
"Fleischmann, K",Design-led innovation and Circular Economy practices in regional Queensland,LOCAL ECONOMY,2019,10.1177/0269094219854679,
"Turcu, C; Gillie, H",Governing the Circular Economy in the City: Local Planning Practice in London,PLANNING PRACTICE AND RESEARCH,2020,10.1080/02697459.2019.1703335,
"Immacolata, V","AGRICULTURE, RURAL TOURISM AND CIRCULAR PARADIGM",QUALITY-ACCESS TO SUCCESS,2018,,
"He, SQ; Chen, XP; Zhang, ZL; Wang, ZY; Hu, MR","The Exploration of Urban Material Anabolism Based on RS and GIS Methods: Case Study in Jinchang, China",REMOTE SENSING,2020,10.3390/rs12030370,
"Li, Y; Lim, MK; Tan, YS; Lee, SY; Tseng, ML",Sharing economy to improve routing for urban logistics distribution using electric vehicles,RESOURCES CONSERVATION AND RECYCLING,2020,10.1016/j.resconrec.2019.104585,
"Tong, X",Waste is wicked when we try to solve it. Author's response to Joshua Goldstein's comments,RESOURCES CONSERVATION AND RECYCLING,2017,10.1016/j.resconrec.2016.10.019,
"Guilayn, F; Rouez, M; Crest, M; Patureau, D; Jimenez, J",Valorization of digestates from urban or centralized biogas plants: a critical review,REVIEWS IN ENVIRONMENTAL SCIENCE AND BIO-TECHNOLOGY,2020,10.1007/s11157-020-09531-3,
"Manriquez-Altamirano, A; Sierra-Perez, J; Munoz, P; Gabarrell, X",Analysis of urban agriculture solid waste in the frame of circular economy: Case study of tomato crop in integrated rooftop greenhouse,SCIENCE OF THE TOTAL ENVIRONMENT,2020,10.1016/j.scitotenv.2020.139375,
"Velvizhi, G; Shanthakumar, S; Das, B; Pugazhendhi, A; Priya, TS; Ashok, B; Nanthagopal, K; Vignesh, R; Karthick, C",Biodegradable and non-biodegradable fraction of municipal solid waste for multifaceted applications through a closed loop integrated refinery platform: Paving a path towards circular economy,SCIENCE OF THE TOTAL ENVIRONMENT,2020,10.1016/j.scitotenv.2020.138049,
"Van Fan, Y; Klemes, JJ; Walmsley, TG; Bertok, B",Implementing Circular Economy in municipal solid waste treatment system using P-graph,SCIENCE OF THE TOTAL ENVIRONMENT,2020,10.1016/j.scitotenv.2019.134652,
"Islam, KMN",Greenhouse gas footprint and the carbon flow associated with different solid waste management strategy for urban metabolism in Bangladesh,SCIENCE OF THE TOTAL ENVIRONMENT,2017,10.1016/j.scitotenv.2016.12.022,
"Borrallo-Jimenez, M; LopezdeAsiain, M; Herrera-Limones, R; Arcos, ML",Towards a Circular Economy for the City of Seville: The Method for Developing a Guide for a More Sustainable Architecture and Urbanism (GAUS),SUSTAINABILITY,2020,10.3390/su12187421,
"Van den Berghe, K; Ancapi, FB; van Bueren, E",When a Fire Starts to Burn. The Relation Between an (Inter)nationally Oriented Incinerator Capacity and the Port Cities' Local Circular Ambitions,SUSTAINABILITY,2020,10.3390/su12124889,
"Paukov, A; Magaril, R; Magaril, E",An Investigation of the Feasibility of the Organic Municipal Solid Waste Processing by Coking,SUSTAINABILITY,2019,10.3390/su11020389,
"van Broekhoven, S; Vernay, AL",Integrating Functions for a Sustainable Urban System: A Review of Multifunctional Land Use and Circular Urban Metabolism,SUSTAINABILITY,2018,10.3390/su10061875,
"Dienst, C; Schneider, C; Xia, C; Saurat, M; Fischer, T; Vallentin, D",On Track to Become a Low Carbon Future City? First Findings of the Integrated Status Quo and Trends Assessment of the Pilot City of Wuxi in China,SUSTAINABILITY,2013,10.3390/su5083224,
"Wala, M; Nowakowski, P",INVESTIGATING THE ECONOMIC EFFICIENCY OF WASTE COLLECTION AND TRANSPORTATION - CASE STUDY FOR URBAN AND RURAL MUNICIPALITIES IN POLAND,TRANSPORT PROBLEMS,2020,10.21307/tp-2020-023,
"Williams, J",The role of spatial planning in transitioning to circular urban development,URBAN GEOGRAPHY,2020,10.1080/02723638.2020.1796042,
"Lekan, M; Rogers, HA",Digitally enabled diverse economies: exploring socially inclusive access to the circular economy in the city,URBAN GEOGRAPHY,2020,10.1080/02723638.2020.1796097,
"Arciniegas, G; Sileryte, R; Dabrowski, M; Wandl, A; Dukai, B; Bohnet, M; Gutsche, JM",A Geodesign Decision Support Environment for Integrating Management of Resource Flows in Spatial Planning,URBAN PLANNING,2019,10.17645/up.v4i3.2173,
"Basalp, D; Tihminlioglu, F; Sofuoglu, SC; Inal, F; Sofuoglu, A",Utilization of Municipal Plastic and Wood Waste in Industrial Manufacturing of Wood Plastic Composites,WASTE AND BIOMASS VALORIZATION,2020,10.1007/s12649-020-00986-7,
"Peng, W; Pivato, A; Cerminara, G; Garbo, F; Raga, R",Denitrification of Mature Landfill Leachate with High Nitrite in Simulated Landfill Columns Packed with Solid Digestate from Organic Fraction of Municipal Solid Waste,WASTE AND BIOMASS VALORIZATION,2020,10.1007/s12649-018-0422-7,
"Pavlas, M; Somplak, R; Smejkalova, V; Stehlik, P",Municipal Solid Waste Fractions and Their Source Separation: Forecasting for Large Geographical Area and Its Subregions,WASTE AND BIOMASS VALORIZATION,2020,10.1007/s12649-019-00764-0,
"Kulikowska, D; Bernat, K; Wojnowska-Baryla, I; Klik, B; Michalowska, S; Kasinski, S",Stabilizate from Autoclaved Municipal Solid Waste as a Source of Valuable Humic Substances in a Waste Circular Economy,WASTE AND BIOMASS VALORIZATION,2020,10.1007/s12649-019-00872-x,
"Peng, W; Pivato, A",Sustainable Management of Digestate from the Organic Fraction of Municipal Solid Waste and Food Waste Under the Concepts of Back to Earth Alternatives and Circular Economy,WASTE AND BIOMASS VALORIZATION,2019,10.1007/s12649-017-0071-2,
"Bouziotas, D; van Duuren, D; van Alphen, HJ; Frijns, J; Nikolopoulos, D; Makropoulos, C",Towards Circular Water Neighborhoods: Simulation-Based Decision Support for Integrated Decentralized Urban Water Systems,WATER,2019,10.3390/w11061227,
"Fulgenzi, A; Brouwer, S; Baker, K; Frijns, J",Communities of practice at the center of circular water solutions,WILEY INTERDISCIPLINARY REVIEWS-WATER,2020,10.1002/wat2.1450,
A Costa,Full recovery of aqueduct water wells in the urban area of Milan: an example of application of circular economy to public utility works,Acque Sotterranee-Italian Journal of Groundwater,2016,,"PlumX Metrics provide insights into the ways people interact with individual pieces of research output (articles, conference proceedings, book chapters, and many more) in the online environment. Collectively known as PlumX Metrics, these metrics are divided into five É"
"Remoy, H; Wandl, A; Ceric, D; van Timmeren, A",Facilitating Circular Economy in Urban Planning,URBAN PLANNING,2019,10.17645/up.v4i3.2484,"A shift towards a more Circular Economy is crucial to achieve a more sustainable and inclusive built environment that meets future demands. Circular Economy is a promising concept for industry and society. If implemented well, Circular Economy can deliver É"
ASS Venice,Creating a Circular Economy with Urban Farming,,2019,,"This project investigated the financial and social viability of the implementation of two innovative agricultural startups in Venice. We analyzed the FarmBot system in terms of sustainability, user friendliness, and cost to determine the benefits of robotic farming and É"
C Luo,Circular economy and urban waste resources recycling,American Journal of Trade and Policy,2014,,"With the rapid development of our social economy, the speeding up of urbanization and the rapid increase of people's living standard, the production and living garbage also increases rapidly and have more obvious bad influence on people's health. Such problems as É"
C Soto,Circularity in Cities: socio-spatial dimension of the circular economy as a step towards climate-sensitive urban planning.,,2020,,"The contribution of urbanisation to resource consumption, environmental degradation and climate change is a reminder of the need of stronger mitigation and adaptation approaches. This has brought a considerable amount of concepts that have emerged under the umbrella É"
CH Bellstedt,Material Flow Analysis for a Circular Economy Development: A Material Stock Quantification Method of Urban Civil Infrastructures with a Case Study of PVC in an É,,2015,,"Massive material flows that are mostly originating from the lithosphere are entering the cities, adding to and shaping the stock of the built environment. Due to concerns with material resource scarcity and the finiteness of virgin materials, resources will have to be measured É"
"CM Danu, E Nechita, LR Manea",The Role Of The Urban Environment In Implementing The Circular Economy In Romania,Studies and Scientific Researches É,2015,,"In the present paper we analyzed the position of the Romanian urban environment in the process of implementing the circular economy, with the correlations and interdependences between the phenomena and demo-economic processes and the forms for the application of É"
"Girard, LF; Nocca, F; Gravagnuolo, A","Matera: city of nature, city of culture, city of regeneration. Towards a landscape-based and culture-based urban circular economy",AESTIMUM,2019,10.13128/aestim-7007,"Each city is a living organism with its own dynamics. Cities, as complex dynamic and adaptive systems, are able of self-organization/self-management. There are many causes of the decline of cities today (poverty, unemployment, etc.) that interdepend on the others in É"
D Chibinda,Municipal solid waste in a circular economy perspective,,2016,,"Lusaka City, the capital of Zambia, has not been spared from the pervasive problem of managing municipal solid waste. Taking product life cycle approaches in the production and consumption of resources has been advanced as a panacea to closing resource loops É"
"D Ddiba, K Andersson, T Ogol",Turning urban waste into circular economy benefits,JSTOR,,,Background A circular economy is an economy that keeps the resources that enter the system in productive use as efficiently and as long as possible in order to maximise economic valueÐand reduce pressures on the natural environment. While nature is full of É
"EC Rada, I Cestari, ER Magaril","Some considerations on circular economy, municipal solid waste and occupational risk",MATEC Web of É,2020,,The aim of the present article is to preliminarily analyse the effects that the introduction of the principles of circular economy can have on the occupational risk in the sector of MSW management. The chosen reference scenario concerns an Italian town that reached a very É
"F Appendino, C Roux, M SaadÉ",Circular economy in urban projects: a case studies analysis of current practices and tools,2019 AESOP,2019,,"Over the last decade, the concept of circular economy has gained momentum among practitioners, politicians and scholars thanks to its promise of achieving sustainability goals. However, there remains a need to demonstrate and assess its positive environmental É"
F MLLER,URBAN MININGÐA CHALLENGING CORNERSTONE FOR A SOUND CIRCULAR ECONOMY,SCIENCE TO SUPPORT CIRCULAR ECONOMY,2018,,The transition to a circular economy necessitates fundamental changes to production and consumption patterns. These major challenges can only be overcome by greatly expanding the knowledge base and by developing a comprehensive analytical framework (Reichel et É
FH Khan,An Exploratory research on Urban Data Platform business and operational model: Achieving circular economy of data with supply chain mechanism,,2018,,"Cities are opening available governmental data to public as data is considered as the key to foster social, economic and environmental sustainability in a smart city. Publishing static yet diverse municipal data from different database systems into one place requires establishing É"
FS Pribadi,"The Integration of Circular Economy into Municipal Solid Waste Management in Metro City, Indonesia: Challenges and Environmental Opportunities",,2017,,"Increasing generation of solid waste is one of the most serious problems in the world. A solid waste generation has a strong relationship with major environmental issues such as climate change, resource depletion and ecosystem damage. Therefore, solid waste must be É"
G Lucertini,Circular CitiesÐUrban Metabolism and Circular Economy as a Planning Approach to Building Resilient Cities and Territories,Briefs,2020,,"After the adoption of the 4th Circular Economy Package by the European Commission, become very important that cities use the resources circularly. In the last century, urbanization and consumption model have built unlimited cities and societies. Without É"
"H Bleus, N Crutzen",Sustainable Business Models for Circular Economy in Urban Ecosystem,,2020,,"[en] On one hand, sustainable business models have been recognized has facilitator to foster the transitions towards sustainability. On the other hand, politics and the scientific community have identified circular economy as the most promising mean to reach É"
"Levoso, AS; Gasol, CM; Martinez-Blanco, J; Durany, XG; Lehmann, M; Gaya, RF",Methodological framework for the implementation of circular economy in urban systems,JOURNAL OF CLEANER PRODUCTION,2020,10.1016/j.jclepro.2019.119227,"Urban areas are hubs for innovation, economic activity and growth that hugely influence the development of our society, making those areas important drivers in the global transition towards circular economy. Although global policies are necessary to set the general É"
"I Plastinina, L Teslyuk, N Dukmasova, E Pikalova",Implementation of circular economy principles in regional solid municipal waste management: The case of Sverdlovskaya Oblast (Russian Federation),Resources,2019,,"The circular economy entails the principles of rational waste management to the best advantage. Waste management in the Russian Federation is currently in a reform process, thus it is crucial to choose now the most efficient way for its development. Besides, in É"
"ITP Miranda, R Fidelis, DA de Souza Fidelis, LA PilattiÉ","The Integration of Recycling Cooperatives in the Formal Management of Municipal Solid Waste as a Strategy for the Circular EconomyÑThe Case of Londrina, Brazil",Sustainability,2020,,"In many developing countries, the informal recycling sector is responsible for reducing the amount of waste in landfills and supplying the needs of recycling industries. In the context of municipal solid waste (MSW) management, considering that developing countries aim to É"
"Lederer, J; Gassner, A; Kleemann, F; Fellner, J",Potentials for a circular economy of mineral construction materials and demolition waste in urban areas: a case study from Vienna,RESOURCES CONSERVATION AND RECYCLING,2020,10.1016/j.resconrec.2020.104942,"Mineral construction and demolition wastes (CDW) are generated when buildings and infrastructures are renovated and when they reach their end of life. As one of the largest waste streams, they have a considerable potential for the reduction of waste generation É"
"van der Leer, J; van Timmeren, A; Wandl, A",Social-Ecological-Technical systems in urban planning for a circular economy: an opportunity for horizontal integration,ARCHITECTURAL SCIENCE REVIEW,2018,10.1080/00038628.2018.1505598,ABSTRACT The Circular Economy (CE) is receiving interest worldwide as a way to overcome the currently dominating linear and wasteful production and consumption models of our society. Currently the implementation of CE thinking into practice is still in an early É
"Espindola, JAG; Cordova, F; Flores, CC",The importance of urban rainwater harvesting in circular economy: the case of Guadalajara city,MANAGEMENT RESEARCH REVIEW,2018,10.1108/MRR-02-2018-0064,Purpose This paper aims to associate two fields of research: circular economy and the restoration of water cycle through the implementation of rainwater catchment systems in urban zones. Design/methodology/approach This study considers the case of the É
K Pydo,Circular economy in the City of the Loops: Modelling an urban utopia aware of resources scarcity,,2015,,"The master thesis treats the possibilities of applying circular economy principles into specific conditions of post-soviet city: Nowa Huta. The city faces complex problems of negative demographics, loss of heavy industry and socio-economic regress. The project proposes É"
KD Govender,Circular economy design visioning: exploring industrial and urban symbiosis in South African cities.,,2017,,"Cities of tomorrow will be at the coalface of the complex challenges posed by climate change, eg resource scarcity. Climate change adaptation strategies will include circular economy (CE) practices (eg industrial and urban symbiosis) to increase the rate of recycling É"
"Aceleanu, MI; Serban, AC; Suciu, MC; Bitoiu, TI",The Management of Municipal Waste through Circular Economy in the Context of Smart Cities Development,IEEE ACCESS,2019,10.1109/ACCESS.2019.2928999,"The paper focus on the topic of circular economy in the context of sustainable development, as one major objective of today's societies. Circular economy is mostly characterized by the need to improve the use of resources, by reducing waste and recycling. Under the É"
"LH Xavier, EC Giese, AC Ribeiro-Duthie, FAF Lins",Sustainability and the circular economy: A theoretical approach focused on e-waste urban mining,Resources Policy,2019,,"Reuse and recirculation of products and materials are the basis of the concept of the circular economy (CE). The CE is an innovative proposal that can result in positive impacts such as reduced demand for raw materials, reduced consumption of basic resources, and job É"
M Paavola,Transport and mobility in an urban circular economy,,2020,,Rapidly advancing urbanization and the associated increased resource use and waste generation in cities causes escalating environmental problems globally. The creation of a city-level circular economy has emerged as a potential solution in meeting these challenges É
"M Ragazzi, S Fedrizzi, EC Rada, G Ionescu, R CiudinÉ",Experiencing urban mining in an Italian municipality towards a circular economy vision,Energy Procedia,2017,,"Selective waste collection in Italy has undergone significant changes over the last decade, highlighting very different approaches from one region to another. Research results presented in this paper are underlying differences between geographical regions and use É"
"M Rodrguez-Coello, J Carrillo-Hermosilla",The urban dimension of the circular economy: reflections from selected case studies,uah.es,,,"The objective of the present study is to clarify, at least in part, the emerging concept of Òcircular cityÓ. To this end, a profound analysis is undertaken of the cases of three European cities, Amsterdam, Glasgow and Peterborough, which, through their strategic development É"
"M Struk, J Soukopov",Age structure and municipal waste generation and recyclingÐnew challenge for the circular economy,4th International Conference on Sustainable É,2016,,"Municipal waste generation and treatment represent important parts in the circular economy approach, which is being more and more soundly promoted by the European Union among its members. While the issue of industrial waste stream is developing quite progressively É"
"M Yhdego, A Kingu",Solid Waste Management in Urban Centers of Tanzania. Leapfrogging Towards a Circular Economy,Affil. Environ. Resour. Consult,2016,,"The management of solid waste generated in urban centres of Tanzania is a serious challenge to the local government authorities. Piles of waste grow relentlessly, blocking drains adjacent to roads. The smells of rotting garbage and of the smoke from burning waste É"
"Cuomo, F; Ravazzi, S; Savini, F; Bertolini, L",Transformative Urban Living Labs: Towards a Circular Economy in Amsterdam and Turin,SUSTAINABILITY,2020,10.3390/su12187651,"The circular economy is becoming a field of experimentation to trigger site-specific laboratories oriented towards connecting material flows and citizens' practices. Despite their wide use, a critical perspective of the transformative paths of these Urban Living Labs É"
"Zeller, V; Towa, E; Degrez, M; Achten, WMJ",Urban waste flows and their potential for a circular economy model at city-region level,WASTE MANAGEMENT,2019,10.1016/j.wasman.2018.10.034,"To enable cities to become more circular, ie close material cycles, decision-makers need detailed data about the production and treatment of waste. At city level, conventional statistics on waste are often incomplete or lack detail. Waste input-output accounting offers É"
S Gaowa,Circular Economy-based Waste Management in Urban China a Case Study of Shanghai,,2020,,"China is one of the pioneer countries to adopt the concept of circular economy and prioritized it as a national-level policy. Recently, the Chinese policy-makers at the municipal level began to turn their focus to waste management en masse. In many Chinese cities, the É"
S Lehmann,"Conceptualizing the urban nexus framework for a circular economy: linking energy, water, food, and waste (EWFW) in southeast-Asian cities",Urban Energy Transition,2018,,"The global challenges of rapid urbanization, particularly dominant in fast-expanding cities in the Southeast-Asian region, include urban sprawl, inefficient infrastructure systems with energy black-outs, increased waste generation and air pollution. The ÒUrban NexusÓ is here É"
S Stugholm,Developing an Urban Circular Economy Framework Based on Urban Metabolism,,2020,,"There is an urgent need to transition to more sustainable cities and to do so we must identify in what ways and where cities are unsustainable. Urban metabolism offers a way to provide insight into how to move from linear to more sustainable, circular flows of energy and É"
V Gonzalez Veugelers,"A circular economy approach to exploit the value of urban solid waste: Study case of San Cristobal de las Casas, south-east Mexico",,2020,,"It is possible to recover and maintain the value of urban solid waste (USW) through the implementation of circular economy practices in the waste management strategy. This can have social, economic and environmental benefits. One of the most noticeable benefits is É"
"Becerra, L; Carenzo, S; Juarez, P",When Circular Economy Meets Inclusive Development. Insights from Urban Recycling and Rural Water Access in Argentina,SUSTAINABILITY,2020,10.3390/su12239809,"How is it possible to design and deploy circular economy (CE) strategies oriented to inclusive development? How can non-traditional units of production and consumption (ie, actual productive actors such as waste picker cooperatives and peasant organizations) be É"
"Y Kalmykova, L Rosado",Urban metabolism as framework for circular economy design for cities,Proceedings of the World É,2015,,"Circular economy (CE) principles can be applied at different scales: from materials to products, from individual supply chains to industries, from cities to national and transnational economies. In order to design a CE at any scale, a system approach is needed to describe É"
Y Yang,"The circular economy in the urban area: a case study in Nijmegen, the Netherlands",,2017,,"Cities in the Netherlands has made ambitious commitment to the pursuit of the circular economy. The role of cities is consistently emphasised in the circular economy policy discourse, yet it is not clear how stakeholders interact in socially oriented transition in the É"
Y Yu,Two Urban Metabolism Based Approaches to Implement Circular Economy at the Urban Scale,,2017,,"Our civilization has come a long way from the stone age to the era of internet, through which every aspect of the human life from transportation, food to communication has been evolving dramatically, what remains true is our dependence on natural resources every step of the É"
Z Shrestha,The Integration of Circular Economy into the Municipal Solid Waste Management of Kathmandu Metropolitan City in Nepal: Present Sector Challenges & Opportunities É,,2018,,"The issue of solid waste generation and its effective management is one that is faced universally by society throughout the planet. With the inevitable increasing levels of urbanization and population growth, amplifying rates of solid waste and its appropriate É"
"Z Tianyi, J Yanping",Urban agriculture development from the perspective of circular economy^,Journal of Anhui Agricultural Sciences,2010,,"The connotation and development of circular economy and circular agriculture are illustrated from the perspective of circular economy. Take the duplicable Sino-Singapore Eco-City in Tianjin as a case to analyze the background, significance and features of building Sino É"